step,experiment_time_s,replay_horizon_steps,one_step_error_x,one_step_error_dx,one_step_error_theta,one_step_error_wb,replay_error_x,replay_error_dx,replay_error_theta,replay_error_wb,control_internal_0,control_internal_near_lower_0,control_internal_near_upper_0,control_internal_1,control_internal_near_lower_1,control_internal_near_upper_1,control_internal_2,control_internal_near_lower_2,control_internal_near_upper_2,control_internal_3,control_internal_near_lower_3,control_internal_near_upper_3
0,0.033350591,10,0.00011228687568513076,0.0053316718556652215,9.619317922141262e-05,0.0017639564821280043,0.009531763901994212,0.0456308242805124,0.0008790987323171149,0.011668055916442205,-0.1655028792088219,False,False,-0.00617822913088137,False,False,0.014069303932096626,False,False,0.00014807433568843497,False,False
1,0.041375414,10,0.0003381454681953038,0.004933361414857199,9.467034916525487e-05,0.0010159159812467118,0.009712226207640413,0.0448777689527147,0.000852677564709896,0.01057190270112544,-0.27639606410773815,False,False,-0.00590239440733168,False,False,0.01627212944126278,False,False,3.2365059137703184e-05,False,False
2,0.060063479,10,0.00128231905544984,0.004817074643199973,0.00010531731581414882,0.0021122409417118084,0.009690814117093402,0.04433945836470388,0.0009182339600358112,0.010825040600133071,-0.36490373777073265,False,False,-0.0071154069847754395,False,False,0.01718002252239638,False,False,-0.00023620087511609834,False,False
3,0.13645411,10,7.667733402682264e-05,0.004394350661630889,9.572015033648312e-05,0.0012061834427531948,0.009903185950900234,0.044756856041124976,0.000954287892983597,0.009429162735826514,-0.40945834120984276,False,False,-0.0058868605835728765,False,False,0.01724879986424963,False,False,-0.0004912086359018132,False,False
4,0.167026035,10,0.0008154733657301326,0.0045728603807982824,8.25831534940756e-05,0.0009086116463310154,0.011264167775170395,0.045602336778636496,0.0009832339825723586,0.01027454487449475,-0.43929683585019036,False,False,-0.0055041895343342865,False,False,0.01748434395799392,False,False,-0.0005543809074954431,False,False
5,0.188266045,10,0.0005746532281399257,0.004319248350967559,8.859740379400337e-05,0.0018765860405054414,0.010773142680840082,0.045555060830443514,0.00092973194247989,0.011412079156490097,-0.46430716855212384,False,False,-0.007579448120330076,False,False,0.019245025964458533,False,False,-0.0003991829050079237,False,False
6,0.200771702,10,0.0005641799315261561,0.004271293128526655,8.826855521478867e-05,0.0003190565379402517,0.010823698585614433,0.046183565002642764,0.0009220350214689135,0.011615012388104144,-0.47361495376727064,False,False,-0.00692987330152563,False,False,0.018186347403718012,False,False,-0.00041419485975662933,False,False
7,0.220134013,10,0.0034923891807280296,0.005424857227321488,0.00012872459166747937,0.002654340463638159,0.013934939903645008,0.04777536320509486,0.0009862081981240666,0.012174843794030768,-0.47838441615735655,False,False,-0.008227704649805703,False,False,0.020497488535080866,False,False,-0.0004025906268930512,False,False
8,0.253328771,10,4.349430768448995e-05,0.004318452372329342,9.242783781976975e-05,0.0012491583594887894,0.011610304885140303,0.048436798235199974,0.0010474630309366038,0.01268605697916587,-0.4402938724654293,False,False,-0.007536268938434921,False,False,0.019913794486181035,False,False,-0.0007471503905944816,False,False
9,0.296040649,10,0.0005965586719382885,0.004521049412593409,9.936849841458001e-05,0.0017601593897988619,0.011659141479607645,0.049325242473205196,0.001055578710549689,0.013467987326432502,-0.41482978049922953,False,False,-0.007671260703482795,False,False,0.01966680578878538,False,False,-0.0007529317710008824,False,False
10,0.323334347,10,0.0003145544580433041,0.004527555883679525,9.122062122733746e-05,0.0014235878400986526,0.012442853993357542,0.050382967436915664,0.0011311509783713356,0.012777378480847479,-0.40090694832131996,False,False,-0.008379530430905276,False,False,0.018367414077821644,False,False,-0.0009126324316191215,False,False
11,0.350675607,10,0.0003107768641150528,0.00458117468960761,0.0001092286291631041,0.002329811583867193,0.014556747522913258,0.05207916310336377,0.0012688555108664532,0.013968366518823206,-0.3868856403580274,False,False,-0.00865448292502357,False,False,0.019216568410490503,False,False,-0.0011751659568882066,False,False
12,0.395929748,10,0.0014390079141271593,0.004980853442106601,0.00011814844689212183,0.0008820760796050436,0.01710560258817831,0.05388755025049858,0.0011954356413888313,0.016971260666570367,-0.38533324126359103,False,False,-0.0095551782007918,False,False,0.017592503146788924,False,False,-0.0007346751123046606,False,False
13,0.427516702,10,0.001401111881627499,0.005244715963788309,0.00011082599437665374,0.002071978965787161,0.017802867673935543,0.05518811901395145,0.001277343055594441,0.016904487561571736,-0.3693771249154374,False,False,-0.011404886209857135,False,False,0.02117307778255028,False,False,-0.0007023197608304362,False,False
14,0.44482252,10,0.00030308152905821485,0.004804393467931954,8.926244279116853e-05,0.0024534259725051987,0.01959425297286754,0.05722344974295981,0.001346607080523134,0.01648727579170736,-0.3345948050982171,False,False,-0.011120370844350769,False,False,0.02199993907896612,False,False,-0.0009052284095435102,False,False
15,0.46339119,10,0.0005744354217983204,0.004904459114008894,0.00010986590593299627,0.0017129156794041226,0.020694104120548305,0.05883263958930042,0.0015001211335036507,0.02057282212850807,-0.32180036989559824,False,False,-0.011830286077205847,False,False,0.01986320345210759,False,False,-0.0012963816939438183,False,False
16,0.480345926,10,0.0036494605849283304,0.006210277857226148,0.0001567505216114456,0.0017471874196927921,0.022564161838945176,0.06109763485551474,0.0014999420031839741,0.01943069442101687,-0.3057445723047686,False,False,-0.011935306284517604,False,False,0.019996630026545947,False,False,-0.0012425182113379207,False,False
17,0.501365498,10,0.0011980825108717239,0.005529238533144328,0.00010932074508468352,0.0035133120551272086,0.019591363021875245,0.06178708626163642,0.0014097804306302847,0.022721280658611166,-0.27015784667704024,False,False,-0.0146271398472761,False,False,0.021551966178002358,False,False,-0.0010788163015638642,False,False
18,0.56428463,10,3.58918184748437e-05,0.005322884365420073,0.00011359958907509054,0.001800750640605749,0.021015179723149893,0.0641090065271268,0.0014954168142994719,0.021121626045964254,-0.21250903211816552,False,False,-0.012778201658011861,False,False,0.021361316193150907,False,False,-0.0013977751422975914,False,False
19,0.629134291,10,0.0013347936467715037,0.005677535872394112,0.00011869543766148221,0.002137396135782899,0.022274593379721624,0.06678100810365806,0.0015399548833073332,0.02344694895402258,-0.17401607794932125,False,False,-0.012890467676304194,False,False,0.021059152682254507,False,False,-0.001384867064640021,False,False
20,0.692263568,10,0.0024011377912542555,0.006313326345543462,0.00016019991558167238,0.0030459040522660534,0.02319018113524362,0.0683275995382515,0.001802522814871984,0.030698556050228414,-0.17084386062206,False,False,-0.016952093469762793,False,False,0.019927476027243356,False,False,-0.0015198569121917637,False,False
21,0.759986897,10,0.0028129522305541297,0.006619925283840088,0.00017142413168660145,0.0019756949258075366,0.021766365490069453,0.06989992765475979,0.001884891057811875,0.03426181436331736,-0.1405217188754559,False,False,-0.01718378197734027,False,False,0.019073181517764406,False,False,-0.001483526640799555,False,False
22,0.819229508,10,0.002116519837130431,0.006438139131292734,0.00019560012231812572,0.0018589859425519667,0.020999924153920158,0.06213855620545698,0.002745303955625607,0.045314123124562816,-0.09131301666674954,False,False,-0.01876241016729404,False,False,0.021724860814721685,False,False,-0.0017853471970239378,False,False
23,0.883343136,10,0.0031831294949498977,0.007172506518182199,0.00017579322686389815,0.001775640517432994,0.019795946745433644,0.04269097676346128,0.003918502954519068,0.059511478363015555,-0.05392757137732156,False,False,-0.02131274721458687,False,False,0.02171494476650598,False,False,-0.0018813902404622562,False,False
24,0.912376744,10,0.0012719389776162386,0.006550121387321605,0.0001310806737888069,0.0036588060522926152,0.01675240637160287,0.01410828096787946,0.00572765284194861,0.07513655881393116,-3.587253056648315e-05,False,False,-0.02432563324524135,False,False,0.025757745708971883,False,False,-0.0020527646300100622,False,False
25,0.973272904,10,0.0023401640818819284,0.007209869920096918,0.00015950597522422041,0.002248468080243769,0.015693678450525175,0.06160121287571653,0.0073004394381615345,0.08297194943753161,0.06129949907490319,False,False,-0.023555576456729184,False,False,0.025785120903273957,False,False,-0.0021127640085114533,False,False
26,1.000134024,10,0.0006314537902297249,0.006839864843591476,0.00015130728751946705,0.003698505811099275,0.016524796314520532,0.1318205657521262,0.009174252217059073,0.0949206267745773,0.092209136864715,False,False,-0.027833454029211425,False,False,0.025296636478118573,False,False,-0.002559361388207893,False,False
27,1.049304663,10,0.002576360279062157,0.00754043157028302,0.00017781304675009978,0.00353736174889488,0.02676175942698198,0.23589541007771736,0.010841144696758238,0.10010926204714843,0.15052641222615154,False,False,-0.0281814551740402,False,False,0.02554228864724959,False,False,-0.0025271325924779127,False,False
28,1.081066375,10,0.001116660145057582,0.008015529763228937,0.00015991266675233407,0.0050187217590779536,0.04616355499968139,0.3578962211029212,0.012104083970199016,0.10352462367674964,0.38012962882951834,False,False,-0.036074165466575374,False,False,0.021262330037153204,False,False,-0.003813770806789431,False,False
29,1.132874488,10,0.0022364152530202296,0.007687708735931667,0.00027906627958976563,0.01015564486217349,0.05457714351842511,0.4058210750500596,0.012491222303435223,0.1013867355044505,0.6605967419096106,False,False,-0.04098487860572849,False,False,0.014285561891276046,False,False,-0.005040556511791661,False,False
30,1.162410691,10,0.0009887235760946457,0.007912042488447112,0.0002772580698847289,0.007976855247518217,0.0847431173202964,0.5195349195056259,0.012638321626182586,0.10383305626444683,1.0152310940868958,False,False,-0.04533175865712918,False,False,-0.007538292086361615,False,False,-0.005855865856644563,False,False
31,1.217111643,10,0.0024215412030356327,0.00254766536344495,0.0010963088435431857,0.0165680878521448,0.0963180632782369,0.5560081379539534,0.01239003205976899,0.10122579739100794,1.3462787604191833,False,False,-0.04877799039944565,False,False,-0.018927266029827278,False,False,-0.005687172467683426,False,False
32,1.270558719,10,0.0018047773912852974,0.013591385322652434,0.00114628979817292,0.016450705840423883,0.10123544926896476,0.5659956669909386,0.011090879535740195,0.10716645796078597,1.680565393687474,False,False,-0.042109470170817856,False,False,-0.04598737906917596,False,False,-0.0054294234784239065,False,False
33,1.329364972,10,0.0027907306530213444,0.038276125673966994,0.001421566888628141,0.014973363866930328,0.1350545729059372,0.5924742563263506,0.011942817392095588,0.1100950275558323,1.8855593011172056,False,False,-0.029925508487134517,False,False,-0.06932322794659039,False,False,-0.004322327463502363,False,False
34,1.367597916,10,0.0038341384137952485,0.04823701747382087,0.0011566815750743554,0.01091348811218426,0.14006552703305813,0.5412592811690795,0.012167570450670738,0.10961057337778982,1.8540019973452295,False,False,-0.005966768443487657,False,False,-0.07247542205681157,False,False,-0.0018710118631430437,False,False
35,1.40612344,10,0.006096042438189315,0.06307899942265427,0.0011086205189565505,0.009934991101009004,0.17124671543928494,0.4056519711475894,0.013431783994130546,0.07850948552456548,1.4972026010530908,False,False,0.02197646733373928,False,False,-0.051829557964868496,False,False,0.0020706267182485543,False,False
36,1.456555975,10,0.011967601987745054,0.09701711421557055,0.0012714818344507044,0.01517156407057166,0.18681353999575456,0.24679303575836628,0.012748522955996492,0.06630143845133825,0.7816695562414675,False,False,0.05136879838817112,False,False,-0.016245140062924816,False,False,0.006668860168214413,False,False
37,1.508263952,10,0.017312079189546834,0.11420492383782525,0.0013516658643918087,0.01992233778086611,0.1745415661355864,0.10206197944758172,0.010949135217837885,0.10594011346250978,-0.3570435859225587,False,False,0.08539607754210612,False,False,0.039836000738478344,False,False,0.01459036925587594,False,False
38,1.52744771,10,0.0035271124035559133,0.039836009513997836,0.0002590444349175575,0.009358374736162696,0.1559114851034309,0.07922862382048698,0.00921360301301328,0.16873736044193424,-1.5280882519985344,False,False,0.10502055888958788,False,False,0.1026210270766452,False,False,0.026540781564374113,False,False
39,1.579341637,10,0.02459859215740893,0.10647382160573843,0.0018964211747108583,0.022435374037333936,0.15759268906265905,0.20063058769174902,0.011220873655044499,0.22581672954458953,-1.8421389620239745,True,False,0.10743000484719402,False,False,0.12623082404699668,False,False,0.03152956980353554,False,False
40,1.59176545,10,0.004733936714359207,0.02925720049561498,0.00038618957791678187,0.01090343291439728,0.12284468620142411,0.35197095293530956,0.016466732723411495,0.2869833452698176,-1.8422189118273977,True,False,0.10511113878074081,False,False,0.16689132779437943,False,False,0.04440616318638984,False,False
41,1.602984484,10,0.001311948047758606,0.01367006076458346,0.000244875463409623,0.008165272543816948,0.11595651904619246,0.46369630073085927,0.024129570110383015,0.3262030972161568,-1.842204364905513,True,False,0.10044178141977063,False,False,0.17239583788303497,False,False,0.04992250142088587,False,False
42,1.654651902,10,0.029974162871939495,0.04223089733962522,0.0022489637199695086,0.0183823547989827,0.11158509433669217,0.544295611970842,0.03141972399961372,0.3563837153787815,-1.842200933155371,True,False,0.10045197725401035,False,False,0.17911139650907978,False,False,0.051986786988775305,False,False
43,1.673184899,10,0.0051681740707464775,0.010229772572997162,0.00034270782379275665,0.007847189603085695,0.07150361010935052,0.6145030291070912,0.03707857141900543,0.3740111484912391,-1.8421778913273783,True,False,0.08645852223106809,False,False,0.16927795989666697,False,False,0.0594087697180448,False,False
44,1.726460485,10,0.034313427314610866,0.08527020751986267,0.0016444395023377377,0.038814415498198626,0.058687937517747396,0.6903254123117313,0.04424749317950828,0.35654305535209624,-1.8421775845171118,True,False,0.08290858856055697,False,False,0.15193146087793313,False,False,0.06040927708278768,False,False
45,1.773799914,10,0.02421638484370354,0.0939610312336335,0.0014133147625387142,0.04731515753869883,0.028565959676177564,0.6420153852374391,0.04363534721086364,0.290525746220441,-1.8421788723599686,True,False,0.06020034752750468,False,False,0.05473015819642037,False,False,0.05747412471239449,False,False
46,1.802864625,10,0.0077835990866446806,0.047322364325196556,0.000984084874553426,0.029130420611053885,0.01934250862716311,0.6279424355857718,0.039473868887776015,0.17802805712952746,-1.8421840520168646,True,False,0.04678905449199723,False,False,-0.06483922446094487,False,False,0.050958162191915506,False,False
47,1.83280602,10,0.010204468508781546,0.06469645276743755,0.0021522497082776706,0.041387808209846576,0.027374795698805493,0.6495829033063345,0.0354728888224606,0.11430303531901137,-1.842187884657313,True,False,0.042835115981939884,False,False,-0.13184174088329617,False,False,0.046617102449673715,False,False
48,1.874764531,10,0.010615734174574218,0.08281586993678743,0.0039634815776831405,0.05184155877663443,0.040591669956567086,0.6561979164381929,0.027253044422895455,0.15536201950309392,-1.842132302453938,True,False,0.03975840188212386,False,False,-0.21345294759945657,False,False,0.041360004190544315,False,False
49,1.897337793,10,0.003709246120616529,0.04899306167932,0.0023583836601640674,0.0354080937396375,0.06159898503411333,0.66650318820364,0.01761446195826461,0.3711975694698552,-1.8421584682882726,True,False,0.033069105138541166,False,False,-0.30730379398285745,False,False,0.033779433982503826,False,False
50,1.942487247,10,0.005239129152516499,0.08410907367526077,0.005162728496145499,0.02808028934070382,0.09378483408691336,0.6282436018812297,0.04201886196115634,0.7221050322759716,-1.842150796674869,True,False,0.026193542630994313,False,False,-0.36257988215974135,False,False,0.028391188815206806,False,False
51,1.97433746,10,0.0021105365224490464,0.06752838324973337,0.003626653060130414,0.012043302250236873,0.10868493196384757,0.4482398941839012,0.07624680098049545,0.9951625489086174,-1.8421822388876679,True,False,0.0045153420121522275,False,False,-0.36828017476773034,False,False,0.01797985979036977,False,False
52,1.995697088,10,0.0010636929260580388,0.032678767268867676,0.0009806183641932547,0.013580559703515177,0.11555247123957371,0.26697911436639715,0.11498775222300087,1.2167299642130427,-1.8421652458490492,True,False,-0.025743708387514948,False,False,-0.32942011472553945,False,False,0.008726643396622592,False,False
53,2.039332276,10,0.004069730547857789,0.08705450236778951,0.0037105577459699713,0.031658510164162795,0.11662596915967521,0.18040330683949105,0.1417911536078245,1.3377467306871893,-1.492583080258075,False,False,-0.05304570186600954,False,False,-0.3086810621071736,False,False,0.0041347223581278065,False,False
54,2.047986703,10,0.0018815606604298482,0.03925571559287386,0.0005206190451028188,0.014905196973530438,0.10246247550752224,0.19080603958519965,0.18319184660795806,1.1853185627091158,-0.2523028887218852,False,False,-0.14054746548710464,False,False,-0.19457886943606223,False,False,-0.004063707255980103,False,False
55,2.097568932,10,0.0062246601861470205,0.07978872417363343,0.0018423527903295698,0.06063080272509907,0.09007666020806779,0.3050662265888936,0.20015444119986373,1.0222781469131277,0.9629213500863155,False,False,-0.19853950558495967,False,False,-0.12729018863788813,False,False,-0.0071772664965308285,False,False
56,2.117572883,10,0.005500662072516875,0.0680124655154668,0.002048342342039877,0.06040459768728124,0.06200170035979697,0.477613220815213,0.19767956946379683,0.6548503140513745,2.423367018947208,False,False,-0.29445542403888886,False,False,0.04403353971470826,False,False,-0.01617821481739491,False,False
57,2.160536463,10,0.006310828971065104,0.06965878086285247,0.003150386341258404,0.07712032353889732,0.033657188246167626,0.6947600584015609,0.1488616816493534,0.9765431230818681,2.804925126282092,False,True,-0.3553943891858286,False,False,0.22149722866855978,False,False,-0.025942267157007898,False,False
58,2.198812271,10,0.014323207569451105,0.09102422547577582,0.009406171857848247,0.15206094246737242,0.08074670771098277,0.8921397141129944,0.08495381076928347,2.363348315520794,2.8050738941303366,False,True,-0.4208829895499317,False,False,0.4240798802592491,False,False,-0.038004453695356676,False,False
59,2.243742665,10,0.02747188641056156,0.012535925823384066,0.027062748552779882,0.27919514610699037,0.16238116031870833,1.0785128599153853,0.26633566765449307,3.9591152039886106,2.8050766138664756,False,True,-0.5101138274104864,False,False,0.8546892137979553,False,False,-0.05506742917557976,False,False
60,2.287274471,10,0.013060181176572316,0.10021580659345847,0.021605053622129566,0.20175545124121838,0.21590999933835506,1.1490348114085385,0.42312073313473525,5.111309783458227,2.805076189744053,False,True,-0.5904670991071755,False,False,1.5231549221724658,False,False,-0.07334799744844103,False,False
61,2.331552834,10,0.008715797002864482,0.12440450265506418,0.025235003759879235,0.15961131042752197,0.26164804069266345,1.1343398623398182,0.6459272817820316,6.006850864067202,2.8050784019737587,False,True,-0.5636205180670469,False,False,1.9402778320937792,False,False,-0.07668124957915862,False,False
62,2.368607216,10,0.002516090996957254,0.07547867793097787,0.011861345958700063,0.03803556946778606,0.3182608141242959,1.1129946460605837,0.9242453557920742,5.338989022042497,2.805069468887384,False,True,-0.43904907801873866,False,False,2.119256081612168,False,False,-0.07364629209348089,False,False
63,2.412862489,10,0.004358013534828364,0.1896613077889367,0.02961738043173772,0.20581366161209363,0.349884290052886,1.1243334821658437,1.0525638118225247,4.349255932221526,2.8050795901526193,False,True,-0.2877968749850345,False,False,1.9133282090057389,False,False,-0.06665724231694861,False,False
64,2.445715239,10,0.006036620598573235,0.09171823062682383,0.008278786587569538,0.21675571328040658,0.35559323548631555,1.241757097750657,1.092505568863671,3.314524030724071,2.8050825941723154,False,True,0.11057421625177997,False,False,1.057762487349889,False,False,-0.04121160208097355,False,False
65,2.49227462,10,0.013157667701741005,0.10676271730518386,0.009763321875454976,0.4745498671389777,0.3575146958132633,1.416452223265672,1.0786221127692535,3.2175404608035554,2.8048450156296703,False,True,0.40377055736183337,False,False,0.33808589477561446,False,False,0.006365293221738747,False,False
66,2.58246096,10,0.034630474950644974,0.15289663486238603,0.0531466021399164,0.9497140051104834,0.35919102729964636,1.6681969924036253,0.9851335110615819,3.5073597334685984,2.805035392901528,False,True,0.8165784633242001,False,False,-0.9290336481939592,False,False,0.03536447875847613,False,False
67,2.647707769,10,0.05261961293289918,0.1287212624547011,0.1302105760139212,1.31207308514543,0.3637117330136862,1.964952179858678,0.7370141301065959,5.4104890986758045,1.4463449475616719,False,False,1.7200054529123523,False,False,-3.4895313452668453,False,False,0.07742006628242872,False,False
68,2.709630743,10,0.05292080803635002,0.16470617184482414,0.17048767691039166,0.7755037139700616,0.3706063015155829,2.021699105638317,0.5600718028012102,11.564119361794166,-1.842244153611482,True,False,3.9967305233532873,False,False,-6.400462509637532,True,False,0.2200796472830829,False,False
69,2.736600056,10,0.01673925874894919,0.12960803928044426,0.056293527323810495,1.8523529897992732,0.45698156824170394,2.171919946831365,1.091096526243403,24.235666474329676,-1.8421661421420217,True,False,5.477543756628476,False,True,-6.400453078854398,True,False,0.8247402972674982,False,False
70,2.782631775,10,0.03863293292927796,0.2409571946134715,0.12750350476071667,3.2492939545338007,0.5469203421200471,2.386600679382002,1.433832988641968,32.409812057620826,-1.8421660877187478,True,False,5.477549682437077,False,True,-6.400458450758552,True,False,1.278309661678415,False,False
71,2.851643204,10,0.0780304062398579,0.40015797240573436,0.18941646461800718,6.14281067593446,0.7023523845597008,2.563099425089981,1.932055811080002,39.404546365422135,-1.8421929107990698,True,False,5.477563857804939,False,True,-6.400443736009207,True,False,1.8519053434552486,False,False
72,2.897491153,10,0.05765113989850144,0.2407372620885264,0.06720091447095655,3.206462689066211,0.6638306313500187,2.0007056638335423,2.142999619502874,21.29233301434557,-1.8421622135865667,True,False,-0.4040258136044488,False,False,-6.400460006435117,True,False,1.0382388631545902,False,False
73,2.94804219,10,0.049040812443039275,0.2752688755059807,0.0609581739770626,2.2745261011237776,0.7165537033029804,2.9547145416922675,2.5162892882109533,15.214756713426409,-1.8421287749286028,True,False,-1.2910705920489403,False,False,-6.400447555086542,True,False,0.6086500907337101,False,False
74,2.978271433,10,0.03766823533392632,0.2512564891085072,0.07494780725899206,2.90335795096259,0.815217738280837,3.701672980223837,2.612502470658367,14.885588469976392,-1.8421652109429438,True,False,-5.059372367967596,False,False,-6.400458520571608,True,False,0.8712264618238398,False,False
75,3.015598565,10,0.06690073708050502,0.3746419138909313,0.15282510248457812,3.9322848272472366,0.8384382936324627,4.096217143953882,2.1130270779259015,38.399687873612756,-1.8422450429450374,True,False,-7.2906082366671825,True,False,-4.021636608931975,False,False,1.0922865335466558,False,False
76,3.069186013,10,0.12006397005200045,0.3919064672987788,0.30676629257503313,3.3671411055417595,0.9252671879648033,5.6044285676859875,2.068976089219492,116.46436222660496,-1.84216595427871,True,False,-7.2906125962526955,True,False,8.526527804205076,False,True,0.10562486071891776,False,False
77,3.098617414,10,0.25085229609390214,0.643825398258311,0.37865457280587894,15.817549980295327,1.7611794199410917,8.569004793941154,2.642612039673048,362.1787882638909,2.8050811819987445,False,True,-7.290609671686799,True,False,8.526529693069865,False,True,-5.3461026822456255,True,False
78,3.14485659,10,0.39386650305765863,1.9636833350029674,0.4902722678091695,42.5438803139385,2.718488601946709,12.485207579228817,3.408121136919408,675.0212323977446,2.805075949191178,False,True,-7.290613028738323,True,False,8.526528465142679,False,True,-5.346110615880343,True,False
79,3.186092529,10,0.5006844450925927,4.709333290187443,0.5855442510557689,98.08166029745371,3.784859931936876,23.82840884781542,2.6826748378771446,1236.666781970936,2.8050748880739538,False,True,-7.290613250622492,True,False,8.5265275757632,False,True,-5.3461354337436315,True,False
80,3.232527578,10,0.42401927309352,7.03568606161971,1.0881798611684088,154.27823108882293,4.665734474330849,40.6708141004877,1.729765890209981,1719.1655905325524,2.8050760472577814,False,True,-7.290613010759492,True,False,8.526528567816602,False,True,-5.346110688967564,True,False
81,3.292119039,10,0.21383658670101424,4.436700686324875,0.7272384911024641,101.52892498988338,3.5291037538867194,37.27786286246331,0.5084259410161908,931.564097438348,2.805074134187649,False,True,-7.290612990818416,True,False,8.526528618700498,False,True,-5.346110670798169,True,False
82,3.368328485,10,0.14750827590877602,1.154418207302909,0.15641688958181713,32.195151879284104,1.7905579587637652,16.729768886809623,0.3951485242053717,216.2095287813385,2.8051002007093757,False,True,-7.290585641915468,True,False,8.526517100882565,False,True,-5.345299622111508,True,False
83,3.462195307,10,0.11229187308471958,0.31155433984373515,0.08718042025584778,1.6465859932604958,1.1080675858295896,6.73661416390816,2.8493941198813046,51.83206818453199,2.8050774363404463,False,True,5.477549521284993,False,True,-6.400458561541345,True,False,-1.5414233442707757,False,False
84,3.515536768,10,0.04449017550418424,7.47686503121965,0.4765519169192532,24.971168530562665,1.540119405369323,8.281101596860044,2.433441552337787,35.53499907210275,2.80507493638945,False,True,5.477548537533447,False,True,-6.400458176737317,True,False,-0.8940561489681137,False,False
85,3.565210731,10,30.532497675737492,377.3436925572181,2.717397233110411,7632.319942539552,302.2236707506328,2381.3990676606763,3.9316199250797172,92155.68819564379,-1.8421646248381132,True,False,5.477549582557719,False,True,-6.400458511209828,True,False,2.720445096819947,False,True
86,3.621804447,10,109.97366154008424,82.60527616970971,2.6662893477445353,1023.9651519403169,680.7368869114998,1496.2141896822122,0.8256880283356118,76025.25116834171,2.805076109856284,False,True,-7.290612999419441,True,False,8.526528622793752,False,True,-5.346110741731451,True,False
87,3.6705075,10,124.01216606928436,298.85546191290587,3.691789901851674,5412.277777990389,782.5963571471273,1995.5176946437668,0.7899629027420435,134351.50283132258,2.8050762066053316,False,True,-7.290612950932569,True,False,8.526528717047771,False,True,-5.346087837769184,True,False
88,3.703861301,10,89.93343732014254,557.5832245772034,6.274129712145525,16089.882713729214,175.45092631183581,6116.24671520439,1.6224986547645648,160818.63029185685,2.805076079960811,False,True,-7.290613004837086,True,False,8.526528596213371,False,True,-5.3461107162309975,True,False
89,3.759978366,10,129.9742386665422,166.6133232871556,3.0941820715812813,4548.376400394968,577.6639155261049,2063.864594424735,2.6748898420599305,100492.47205165908,-1.8421648486524704,True,False,5.477549484274633,False,True,-6.400458703351853,True,False,2.7205099825171786,False,True
90,3.803579905,10,76.64788418177321,849.3483035672341,3.3709432712054492,25040.34557936272,960.2692665578016,9729.59854171074,3.5950916646369016,350676.2208046344,-1.842164633078524,True,False,5.47754958109178,False,True,-6.400458518164518,True,False,2.720445102969338,False,True
91,3.835097739,10,33.39286414613997,467.7736348664981,3.387337011578099,12541.305862918629,228.0974872480512,4922.187730884345,3.5646548700925096,51263.975366150116,-1.8421646353538308,True,False,5.477549580678491,False,True,-6.40045852025789,True,False,2.72044510482428,False,True
92,3.878001031,10,60.08492340971495,98.5143075559979,2.376041217636205,3103.134179495327,505.50006321518794,2056.557941006191,0.742520562236839,140927.34760494734,2.805076457604368,False,True,-7.290612843371259,True,False,8.526528922718638,False,True,-5.346077038501848,True,False
93,3.907313519,10,111.51664439266477,760.8564179473929,0.4386793145363139,21775.252864460384,1138.5514135187445,9328.399030737628,1.8245343040045587,291012.8933869293,2.8050760795927374,False,True,-7.290613004903903,True,False,8.526528595884734,False,True,-5.3461107182004595,True,False
94,3.960106991,10,70.10459294181166,510.32381158014476,3.6134206960236246,7965.879526672491,493.71954861858677,2272.077070473689,3.099220717155124,105280.12133141789,2.8050760561931085,False,True,-7.290613009144425,True,False,8.526528575090538,False,True,-5.346110699177745,True,False
95,4.009009893,10,85.14727624174077,272.70928735140694,2.9490297839457145,11525.412845738361,872.378500069379,6730.610929022496,3.6158422370175933,191684.04144604676,-1.8421646310321396,True,False,5.4775495714349285,False,True,-6.400458508757486,True,False,2.7204450878500577,False,True
96,4.042864295,10,142.14341533245016,386.181494961629,1.768192201351072,7254.37814714053,932.6502057514316,2905.0311032612494,2.7209367976253054,157864.73208604348,-1.8421646032732557,True,False,5.477549590348176,False,True,-6.4004584910151525,True,False,2.720446534669299,False,True
97,4.096671138,10,81.71586540471975,416.48874253442375,1.5304568002789167,6574.2059860210065,514.2898437172034,1554.8619492533464,2.0479522322570705,132522.08248241033,-1.8421646339062212,True,False,5.477549580939443,False,True,-6.400458518898171,True,False,2.7204451035347326,False,True
98,4.143337039,10,6.735053631462442,413.65254612025774,2.904485003244024,8059.207199829505,144.30378756375265,1935.2657041253367,2.6208004121069006,125696.87729291647,-1.8421645867099472,True,False,5.477549607008635,False,True,-6.400458459547509,True,False,2.7204434044390373,False,True
99,4.207837326,10,167.0098893264762,284.9586047876543,4.954142368758361,5508.919456914509,859.6625031439404,971.5411519958665,2.523768567428586,54999.91178132208,-1.8421645351582732,True,False,-7.290612985175244,True,False,8.526528679036204,False,True,2.720445039737163,False,True
100,4.278361129,10,84.47075321716837,987.0939947395416,4.64211204867644,30243.7188531118,651.4702556452979,12227.884647952957,2.944235035859613,292972.6774116498,2.8050760724208565,False,True,-7.290613006418035,True,False,8.526528588539245,False,True,-5.346116758977835,True,False
101,4.327870221,10,136.9002697240784,1017.1131931167895,3.7610463741401903,34438.92149539742,1585.0067885755948,15745.645460754387,3.2450282889461683,368545.4417783748,-1.842164625835921,True,False,5.4775495824053735,False,True,-6.4004585117294805,True,False,2.7204450969977327,False,True
102,4.370835984,10,77.77089571051675,367.8765989182225,1.0183324072689388,14345.876626320844,896.8076222749577,7046.834491197902,3.568782529049924,209430.62598051692,2.805076090494845,False,True,-7.290613003028955,True,False,8.52652860346484,False,True,-5.346110725825314,True,False
103,4.420202985,10,132.06612228453815,736.3344679494671,1.0439669742520612,22819.932171728113,1358.484151883384,10915.076972767607,3.1279427695200916,316441.3367684455,2.805076079269907,False,True,-7.290613005587004,True,False,8.526528594076831,False,True,-5.346110704983827,True,False
104,4.448361874,10,101.74638158093026,371.5193747472806,3.7824700025831235,10576.244466176253,428.6359485571016,7463.967321806711,2.694129450743966,75342.00576326385,-1.842164615999974,True,False,5.477549513513076,False,True,-6.4004583670002,True,False,2.720429082069437,False,True
105,4.492604762,10,83.8473336475158,571.4488179628975,3.304849660602884,19331.506366622205,1040.1529524436505,10352.124218454832,2.7750434538590514,262309.3452273849,-1.8421646469139135,True,False,5.4775495779069745,False,True,-6.400458530555525,True,False,2.720445111894928,False,True
106,4.523099224,10,234.0475180208287,660.524603065556,2.331558729640219,11292.6952289568,1510.558424848681,4317.477527334004,2.3677189528267957,248088.44922636237,-1.8421646335456243,True,False,5.477549581148704,False,True,-6.4004585186766585,True,False,2.7204451017673206,False,True
107,4.593835043,10,89.7295522533812,497.518442588721,3.690385706814445,11166.160679731778,753.2345812375747,3793.792177819037,2.6857845668094664,246818.2144682643,-1.8421646473263908,True,False,5.477549574313086,False,True,-6.400458527643066,True,False,2.7204451100788254,False,True
108,4.651469185,10,137.12912063483125,636.558539632388,5.507734607288986,22667.49238613776,1498.643522713631,11633.692472584335,3.2628578273954405,510060.4889459809,2.805076195842174,False,True,-7.290612955368253,True,False,8.526528712070043,False,True,-5.346065362946942,True,False
109,4.702960716,10,185.5999070106536,1854.1036651541583,4.388051287049006,62011.98902733473,1555.106060918372,26449.55376549052,2.6985472748327326,466929.3249401916,2.8050760884872727,False,True,-7.290613003272571,True,False,8.526528603847902,False,True,-5.346108370907204,True,False
110,4.737822748,10,62.20151327120516,126.38328968655574,2.2933026298272616,7390.922291172246,587.3266724446077,4554.889866542572,1.1094917693818467,24406.00572812679,2.80507609767287,False,True,-7.290612903864778,True,False,8.526528466470348,False,True,-5.346110721030346,True,False
111,4.793123541,10,81.57268140431003,273.58247568458665,3.6582605862849884,6444.733216551036,234.92765916562055,2743.4273503971554,2.6663967344713493,166938.1276225975,-1.842164633565862,True,False,5.4775495810031725,False,True,-6.40045851859524,True,False,2.7204451033742116,False,True
112,4.826355239,10,84.90877995828038,560.2229613559684,4.261061718715397,21496.17537839984,656.6883412716707,10925.54266327485,1.4635285639793862,225347.05487671823,-1.8421646453026423,True,False,5.477549578866721,False,True,-6.400458529786121,True,False,2.720445111490928,False,True
113,4.900643913,10,73.41303869851271,360.9096536611774,3.755424808240769,16837.139141097443,835.5558837340039,9141.17827251426,1.5630574496988086,102119.72781568224,-1.8421646350714782,True,False,5.477549591416852,False,True,-6.400458426929472,True,False,2.7204237819466006,False,True
114,4.95115531,10,76.60520658239088,248.04093576406714,4.963429733304962,6529.263250314884,148.19127079120784,3092.2811158454847,2.6713637077073984,134768.03380786657,2.80507594829213,False,True,-7.2906130282711485,True,False,8.526528490358336,False,True,-5.346110615471571,True,False
115,5.045636684,10,49.944524448243435,306.50899360372597,3.519276248347379,12623.350313515944,406.91965393495116,6448.765580539147,3.4649237064739826,113919.71950395532,2.8050760843244746,False,True,-7.290613005626626,True,False,8.526528585513578,False,True,-5.346110711347533,True,False
116,5.09436513,10,83.8088740282792,201.11774618507286,3.258739673614652,3794.446626078738,290.1979666733413,1868.4668989945403,4.56461829748255,119752.36372999841,-1.842165654568466,True,False,5.4775492444784675,False,True,-6.4004594530172865,True,False,2.7203304462186075,False,True
117,5.135384246,10,54.299713373992,299.8557966994642,4.517006927094112,12481.394332432565,348.19284233779,6283.301291412339,2.907121438830614,116819.67044253876,-1.8421645718852462,True,False,5.477549592162294,False,True,-6.400458464281288,True,False,2.720445052821458,False,True
118,5.187212837,10,49.473014872171035,128.55774337494685,4.274872948280369,7169.279696465331,465.18026324213764,3731.11348834561,1.4636916496397796,13128.900758027112,-1.8421646294127705,True,False,5.477549581751738,False,True,-6.40045851510431,True,False,2.7204451000707235,False,True
119,5.236051484,10,86.59458281726734,171.19289370644344,4.232027633221523,1809.0579335474351,368.7488422308774,1122.619142097884,4.268995089363227,68761.28171900257,2.805076086048325,False,True,-7.2906130036576995,True,False,8.52652860315065,False,True,-5.346111499444535,True,False
120,5.245204586,10,69.22849260385769,178.71513888472225,3.9184847924917996,4541.954565497645,179.05139677056798,2432.603978491791,3.222187379064103,59580.774105857985,2.8050760560985135,False,True,-7.290613009638095,True,False,8.526528576857615,False,True,-5.346110699180218,True,False
121,5.293258046,10,49.02425091754748,141.15728556348247,3.3133012023548987,4370.420225111664,119.19111074854578,2239.066931408517,3.1595002931350535,41508.842844814055,2.8050760975045086,False,True,-7.290613004229376,True,False,8.5265285926751,False,True,-5.346110718148218,True,False
122,5.34190461,10,24.05803398152955,65.09017776019697,2.688424411123252,1679.9086990456467,133.49898548704758,577.6607985854489,3.074931530986073,22786.759712172392,2.8050761143098417,False,True,5.477549586628587,False,True,-6.400458485255976,True,False,-5.346111097792396,True,False
123,5.387937915,10,60.996254631073214,143.04194137965717,1.6564134878407955,2132.3305783166197,189.51394665714542,1335.7400274457066,2.1155736651625023,49326.44597032841,-1.8421646583921345,True,False,5.477549574008084,False,True,-6.400458548151361,True,False,2.7204409006060244,False,True
124,5.431883254,10,59.934718191434435,140.73796043566915,1.8909641533360724,2545.6442312342065,185.97322912403484,1493.9606703268666,1.763555555456114,39637.24650820783,-1.842164588482239,True,False,5.477549589119357,False,True,-6.400458480452438,True,False,2.7204450251180115,False,True
125,5.482107771,10,33.27628669131012,75.69264108741737,4.2703053440784995,1567.1258996300373,119.32192469697834,814.803214590729,1.1594410232230201,14404.67229488567,-1.842164629418384,True,False,5.477549581478992,False,True,-6.4004585153740985,True,False,2.7204450987115023,False,True
126,5.531868527,10,34.726456771416984,84.73735683940777,4.11659927256592,850.1520201838546,99.09081085409697,780.1752976716548,2.826957141092741,14987.038918887152,2.804713054270349,False,True,-7.290597712779958,True,False,8.526549593825065,False,True,-5.343930894525156,True,False
127,5.574714114,10,61.776187489971555,141.2158291394056,3.915581377601193,1509.2391220178981,203.38599497818373,1295.5694875776276,2.638962132829224,22127.07871033598,2.805077265169054,False,True,-7.290612799095437,True,False,8.526529458413437,False,True,-5.346111579478826,True,False
128,5.627160362,10,0.901907924745345,3.1595827599185595,2.8195123278823733,40.40931242689252,4.448549118896571,83.62119497463449,1.700850590926346,414.0482007425084,-1.842101091406774,True,False,-7.290619308736387,True,False,-6.400462053854675,True,False,-3.334037727216187,False,False
129,5.667467778,10,0.36179195903261896,3.9944905057748183,1.9174654215516207,37.461507891635726,2.902959032198909,51.88919079347436,2.6131409939259704,166.68455532493218,2.8050894184753408,False,True,-7.290612475702261,True,False,8.526528602868776,False,True,-5.346110703383843,True,False
130,5.713950374,10,0.3664691617159261,4.133342278339276,0.8102050950200346,27.97136216752287,2.413644911777456,36.71810191145716,2.540715619963596,216.41556321578344,2.8050759800873375,False,True,-7.290604057918364,True,False,8.52651833525274,False,True,-5.346107720124452,True,False
131,5.756873315,10,0.6833786330988791,6.012215160446315,2.5665142241916317,88.1982236456881,3.358052491989769,71.22457791200436,3.0448122342066433,925.1893706581851,2.805073280726423,False,True,-7.290613002010236,True,False,8.526528609264163,False,True,-5.34611061299925,True,False
132,5.797828908,10,1.2273537093465041,8.70636249278313,2.82791356000366,169.57128614078763,3.7114259441659807,110.83360475838796,3.302747723605491,2242.2346744432157,2.8050755383575052,False,True,-7.290613102896615,True,False,8.526528113000982,False,True,-5.346110270420332,True,False
133,5.814843938,10,1.100718566981023,7.3068421053603085,2.8140732640122836,124.09466990408397,1.104458980323183,76.42313571649568,3.4325705688860877,2181.864644562542,2.8050758947389856,False,True,-7.290613038621907,True,False,8.52652841563009,False,True,-5.346110584030628,True,False
134,5.857058821,10,1.313541420376361,7.778187133993786,2.7355913814216373,127.44883776265578,0.8525059595837478,76.8999743609746,3.6208323713609243,2559.3580147514995,2.8050760067582066,False,True,-7.290613078203554,True,False,8.526528514309218,False,True,-5.3461507624214315,True,False
135,5.895559494,10,0.9922695239772852,2.2481323782222384,0.679828246731213,41.33924876257279,5.540350738138344,22.758949223152392,3.2076297564779255,618.4583415423481,2.8050812517200763,False,True,-7.290613202847927,True,False,8.526528446472994,False,True,1.5996371013092456,False,False
136,5.920942953,10,1.1931290359101976,1.142160404028815,1.0115345889813796,114.55499879891107,9.557788819563504,64.01112961354703,3.699465157103574,301.0995190199425,-1.8422402965866138,True,False,5.477559022705915,False,True,-6.4005168376054895,True,False,2.7204443893001122,False,True
137,5.953686249,10,1.6253989232087545,4.244305198904132,2.193102233028039,313.1771296216834,17.64302234900423,179.99792266429654,4.25782552082474,1542.8415020509522,-1.842164571433779,True,False,5.47754959514816,False,True,-6.400458466206389,True,False,2.7204450573038708,False,True
138,5.980583617,10,2.255571970287864,8.461587844536732,2.1547077148593416,492.62377504768466,23.45765164844521,290.04030696983693,3.2672844358876634,3764.2087391519312,-1.842164168260888,True,False,5.477549660604767,False,True,-6.400458204690485,True,False,2.720444785422782,False,True
139,6.006617474,10,0.9448862216072778,8.361054581747771,1.1776996672792743,126.33166344691216,10.127822074384254,62.0470231077871,1.0046874312801264,1458.1926404868532,2.8050752328445085,False,True,-7.290613300417805,True,False,8.526527902322256,False,True,-5.346110560695791,True,False
140,6.045356508,10,1.2220420833775747,10.77714471752523,0.8048826930377525,88.30021505338752,9.873262237862757,30.694168063621646,0.9918595282348222,1249.3048993294667,2.805075826740427,False,True,-7.290613051269403,True,False,8.526528341335862,False,True,-5.346110520708075,True,False
141,6.085773493,10,2.0427146839798795,14.367587925781606,1.9766123350516036,13.762368322157169,9.43011739100096,53.037056247364134,1.679131631486541,472.7137122540525,2.8050828124716567,False,True,-3.661900109878149,False,False,8.526527302619867,False,True,-5.346110575579376,True,False
142,6.1265117,10,1.7207294857890207,12.290721083499848,1.5408959673356415,27.585144250210824,8.377369968258092,29.2720871223999,2.2821035761929664,490.0305635725085,2.805073520496185,False,True,-7.290613615343642,True,False,8.526526389395817,False,True,-5.346125877710202,True,False
143,6.152306634,10,0.6894471623701505,8.694474395012262,3.684894755849762,64.71497399282036,6.525233705655804,25.560666537831537,3.1911177259277164,761.3478611322746,2.8050758641942517,False,True,-7.290613044272455,True,False,8.526528378941084,False,True,-5.346110546001463,True,False
144,6.188944728,10,0.37587462885489636,7.551327901176944,5.022327716687875,68.27525368644272,5.199659742171285,30.655381043367914,3.655219355180674,741.6456247392362,2.8050752405355532,False,True,-7.290613157433103,True,False,8.526527751666245,False,True,-5.346110052064209,True,False
145,6.233810408,10,1.1364006389340218,6.56842417204734,3.266913639985933,80.16353469962701,2.3247356664396417,56.93969312652029,4.075519840542806,897.8376543002435,2.8050752751360712,False,True,-7.290613366619357,True,False,8.526528035333396,False,True,-5.3461095941602625,True,False
146,6.302575579,10,15.074423553157747,57.05665502328269,1.1463349571684696,631.2606172850948,69.8358373954405,119.30537950942345,2.0639397606458374,8716.262513978021,-1.8421646402263223,True,False,5.477549579800911,False,True,-6.4004585244990935,True,False,2.7204451098394764,False,True
147,6.37050777,10,28.33323862611047,277.97935337805137,2.1391392991674394,2394.600971201932,220.1857987530821,1142.4401079300906,2.6773879948033072,30553.370567622485,2.8050758341724022,False,True,5.477549407676908,False,True,-6.400458713683967,True,False,-5.34616910866508,True,False
148,6.388535417,10,9.92489188978936,44.2040008813337,2.641658032761106,893.8343888411742,33.61150542022059,129.1561697944322,4.932128216658102,3032.739960034494,2.8050574948637346,False,True,5.477547272663869,False,True,8.526522510592374,False,True,-5.346104354496806,True,False
149,6.403441268,10,13.264030542144413,36.1595503643611,2.504087860532492,799.6797898671999,56.78790526175235,207.8804311589709,4.417508177949632,3824.0633495979464,2.80507609249013,False,True,5.477549681143682,False,True,8.526528941254028,False,True,-5.3461111005435225,True,False
150,6.419983151,10,18.07652185490583,31.46148939400841,1.719599592142315,602.7404802272597,89.61727395784423,300.7522330876336,3.60461462960194,6789.8371883891095,2.8050713466635355,False,True,5.477548524253436,False,True,-6.400462494631451,True,False,-5.346107987815982,True,False
151,6.440219138,10,33.49247585882657,167.82517888250158,2.9218894813555005,3598.3137745450153,172.4766880267909,963.6637362770844,2.3981002650788077,27189.259658071885,-1.8421646374932286,True,False,5.477549580156797,False,True,-6.400458521958566,True,False,2.720445106591382,False,True
152,6.461420547,10,31.196361843630225,162.6154522071975,3.316664404927275,3496.905633794006,158.19071099655073,948.6522700308666,2.0583908461018803,19182.39063959141,-1.8421647540987425,True,False,5.477549240367946,False,True,-6.400458289964932,True,False,2.720445116006238,False,True
153,6.4799839,10,23.798456329188618,105.63267224435117,3.495947030450034,2034.583786097358,128.9621116603352,501.1863667989863,3.1321268369573105,18692.5261951577,-1.8421644916181084,True,False,-7.290612973311251,True,False,8.526528745448205,False,True,2.7204450370754016,False,True
154,6.500971509,10,16.257858413349425,27.556135164481557,3.10551265653895,1214.9506961989987,139.33937080153117,710.6996340975276,3.011579930866673,53731.294641501525,2.805076075445268,False,True,-7.290613005756722,True,False,8.526528592139057,False,True,-5.346111378975557,True,False
155,6.534692442,10,15.06177783878269,65.28279872990284,4.281237414501548,2516.2895097223504,157.95110115510414,1196.0650602050193,2.974843374280548,66978.16250595292,2.8050760988507446,False,True,-7.2906130201619295,True,False,8.526528626880284,False,True,-5.34611075489325,True,False
156,6.570596677,10,14.980566835036608,112.74319451040331,5.115535135711179,3906.9109386289038,181.8343288568633,1728.335333631472,2.466830340097654,79376.03084844672,2.805075886694069,False,True,-7.29061303289125,True,False,8.52652852629815,False,True,-5.3461106281960165,True,False
157,6.583213393,10,16.900923754597365,197.60872594746084,6.522057358535002,6344.436240981142,228.55906978857385,2690.974201506793,2.2097963449940963,94786.17221671288,2.8050760659159066,False,True,-7.290613007337836,True,False,8.526528584989538,False,True,-5.346110707702823,True,False
158,6.602936001,10,17.924491755270573,229.64523244636177,3.1633924297305813,7256.944699698638,247.0496549765179,3063.164660619298,2.191712754119007,97335.9356945576,2.8050760769568948,False,True,-7.290613005452266,True,False,8.526528592661315,False,True,-5.346110715408622,True,False
159,6.625027081,10,8.372337074539772,131.41677303429285,2.5658868710842433,3713.298009228146,127.3413560415429,1671.295422696459,2.7821299460307216,7527.039266519589,2.80507597001765,False,True,-7.290613322700379,True,False,8.52652881593595,False,True,-5.346110704770873,True,False
160,6.660691438,10,6.586082806872198,96.69598464191928,2.8148792688070454,2564.9639561818694,94.71985315763644,1200.0592437181162,0.7355065230010679,12514.61191211543,2.805076045672228,False,True,5.4775495858988785,False,True,8.52652862150295,False,True,-5.346110739163707,True,False
161,6.686338902,10,5.472131254492293,63.98333097780107,3.5028215561875937,1452.3466617299161,64.66270409661773,750.49909947603,2.6268991850200343,23428.23586983238,2.8051966848001375,False,True,5.477549546556823,False,True,-6.400458629542052,True,False,-5.346110659442921,True,False
162,6.72829323,10,5.3667231563180104,37.83593474859952,4.052137543160569,522.7181647115993,43.81626843509932,400.29351050805764,3.3423240284129396,33384.09829817135,-1.8421646180849258,True,False,5.477549584059017,False,True,-6.400458499530135,True,False,2.720445087674543,False,True
163,6.753837733,10,6.146885156167403,30.5544789413978,4.176872081982669,793.7382705589365,44.28774918732307,408.0921582344752,1.7238101292540795,41726.23127883078,-1.8421646334905635,True,False,5.47754958118925,False,True,-6.4004585186506615,True,False,2.720445103521761,False,True
164,6.790159716,10,7.2881468301323995,45.989469395133796,3.4197780733718632,1588.0565532183496,62.27205499044701,695.8533558225656,0.6653701944345974,48284.85824759591,-1.8421646935017313,True,False,5.4775495493473665,False,True,-6.4004585368174665,True,False,2.7204451127152933,False,True
165,6.824725053,10,121.91665316920958,512.4635505500695,3.0047783341369,21914.418434922234,1244.1546528793103,10477.064772002435,1.6752651283027582,160196.99405687826,-1.8421646366286921,True,False,5.477549611120748,False,True,-6.400458469060465,True,False,2.720435683303123,False,True
166,6.849443827,10,110.87586012599563,677.1127595048948,1.5666777008117259,25153.46207903655,1310.039536104761,12980.555585433855,2.3385924669138483,265615.2707404596,-1.8421646398631923,True,False,5.477549579830428,False,True,-6.400458524177492,True,False,2.720445108571305,False,True
167,6.873354428,10,21.158587460446906,243.13972417563804,1.5170796194501388,5660.171612067783,313.3428917969943,3582.793850935155,2.1598240902105705,116325.07793981848,-1.8421645791260304,True,False,5.477549606550115,False,True,-6.400458483160975,True,False,2.72044506513917,False,True
168,6.895914536,10,34.94184445038074,71.45412928903284,2.3167617721423848,6857.680604166421,331.29792819063584,2921.142321075976,2.8807190381569545,14957.71205509167,2.8050759979081494,False,True,-7.2906130250109555,True,False,8.52652854841819,False,True,-5.346110657753663,True,False
169,6.925475603,10,87.17364117901279,427.59463241921617,2.683288621574666,19465.50830132768,965.6692166291784,9907.884436412149,3.4387422426184933,166852.69939232565,2.8050760773397854,False,True,-7.290613005312357,True,False,8.526528593890601,False,True,-5.346110716338351,True,False
170,6.947140186,10,92.28309311625266,511.28284882267985,3.163085219399396,20538.22907353182,1068.5037720943783,11251.317715273979,3.7506055270704897,200425.69536652046,2.8050760781547117,False,True,-7.290613004538927,True,False,8.526528594092339,False,True,-5.346110716244286,True,False
171,6.982003685,10,35.36878242704179,213.93845986888002,4.448781635466834,6634.674317737051,435.29403163461393,4926.795278208145,4.2414833167170665,80007.35137000398,2.8050760614996757,False,True,-7.2906130133195095,True,False,8.526528572575794,False,True,-5.346202495188555,True,False
172,7.029017034,10,85.96418968820245,159.7290435633989,4.302231729913649,9815.718794517958,671.9707872136125,4283.571480926827,1.874251486367795,42735.18590092144,-1.8421646350364573,True,False,5.477549580768576,False,True,-6.400458520047113,True,False,2.7204451044405173,False,True
173,7.074905988,10,112.9041210704754,81.44078004562655,2.566517170004913,8868.780876189954,1051.7780739859813,7098.924259897942,2.030826149920787,30719.024711175352,2.805054618797843,False,True,5.477549581364404,False,True,-6.4004585182242275,True,False,2.72044510015902,False,True
174,7.108823833,10,96.34553074329122,244.7473210086335,0.7774096849012526,4890.477160323462,120.25468303569053,4666.072949129526,0.8513980488146824,62321.900361762724,-1.8421646301157126,True,False,5.477549581628666,False,True,-6.400458515514842,True,False,2.7204451110052634,False,True
175,7.130206137,10,204.79683301890438,355.7321087563501,2.941982199580169,3268.3987946224574,928.2129157015639,2063.7408651694504,2.223687179907907,100500.75325001494,-1.8421641336834604,True,False,5.477549776125467,False,True,-6.4004579751588055,True,False,1.9701486310051328,False,False
176,7.14817447,10,153.5442307814263,109.21421822505971,4.560375010080626,10170.350664945392,1252.177447451845,7265.546192406774,3.547022678292356,23043.248754907116,2.8050760650050512,False,True,-7.290613004449096,True,False,8.526528594716373,False,True,-5.346110517444104,True,False
177,7.172581599,10,128.07522353977845,86.7023237142609,3.552636140491556,11826.918751652693,1203.1200726558368,8623.22547801193,2.8299147185158406,27745.96671642487,2.8050760813197706,False,True,-7.290613004593554,True,False,8.526528597430005,False,True,-5.3461107142297575,True,False
178,7.194953795,10,92.0030803387587,177.19360800987286,4.235767495359908,12839.800387587702,993.4118333884527,9882.195268250529,2.1126447135380366,69789.78473957205,2.805076200328937,False,True,-7.290612935089458,True,False,8.526528664896533,False,True,-5.346110734636283,True,False
179,7.214859249,10,86.94576213400268,262.254897590184,4.3464451112311036,8730.028729954789,506.5272157593087,8061.085589539573,2.069147761369367,84429.90378711784,2.8050760768796428,False,True,-7.290613005397396,True,False,8.526528593455948,False,True,-5.346110705155127,True,False
180,7.231909901,10,119.7674565277679,341.205474793073,4.287445588068239,3773.5531681204716,318.52864603720707,3155.579830301161,1.576274894449836,51874.58432720232,-1.8421646357823094,True,False,-7.290613005283815,True,False,8.52652859346262,False,True,2.7204451048768665,False,True
181,7.247475292,10,176.657862359106,395.633037267321,3.5526924455005466,12313.043954921033,1123.6040905257375,4717.747587718732,4.16668088323796,10107.077361589696,-1.8421646287091267,True,False,5.477549595047532,False,True,-6.400458528276405,True,False,2.720445102861722,False,True
182,7.267149063,10,185.04950032138476,404.74518095326624,3.5953951769032115,14998.417078246242,1319.1244874363979,6837.629152854957,4.043413158406603,26144.626886969978,-1.8421646348469711,True,False,5.477549580770994,False,True,-6.400458519781687,True,False,2.7204451044196762,False,True
183,7.279904266,10,169.1382059788929,334.32316256623665,1.4390398887295968,16626.14339188413,1467.4368911271165,9887.083789243998,3.4918661899094476,57633.83570768801,-1.8421646415719115,True,False,5.477549574880365,False,True,-6.4004585222573835,True,False,2.720445104894744,False,True
184,7.300884463,10,42.01126918606707,152.56038588760177,2.9601526768749093,8099.489358255356,451.5555552000569,4223.386909441755,3.5540259642881216,63668.02920601693,2.8050755863715153,False,True,-7.290613093244606,True,False,8.526528184866976,False,True,-5.346110329378409,True,False
185,7.323362161,10,38.325047133730095,146.91009210456204,2.9153128290757873,6664.834782586919,411.70928409391314,3752.1252948336005,3.4034570773030968,52672.91873402045,2.8050760726183643,False,True,-7.290613015196189,True,False,8.526528589132013,False,True,-5.346110716917311,True,False
186,7.339939763,10,35.647496079185096,141.3008321874973,2.965768427701144,6237.937008737566,391.7721476515556,3613.4277864021333,2.607969741624756,50219.420672344175,2.805076064065038,False,True,-7.290613015008855,True,False,8.526528587442092,False,True,-5.3461107104881815,True,False
187,7.360632298,10,21.577328425311677,100.57616689660642,3.117904392648629,3709.3708436838883,256.19027766112816,2419.871346505557,2.566438125360033,32135.295356885126,2.8050760717121728,False,True,-7.290613004346811,True,False,8.526528587485506,False,True,-5.346110704381819,True,False
188,7.379980053,10,13.090346630604234,75.30118952450982,3.503835039679076,2312.956721247029,171.13675037302593,1654.0818110821917,2.7569115688693784,21669.48128167615,2.8050760585870265,False,True,-7.290612935883398,True,False,8.526528425744939,False,True,-5.346165520760726,True,False
189,7.40421285,10,1.91088464735725,28.929912260452788,3.739971946079827,252.12493768202015,42.830714080539245,435.8445504877683,2.528318792003341,4151.723472130823,-1.8419408821740622,True,False,-7.290617443162871,True,False,8.526523909460995,False,True,2.7203834059366745,False,True
190,7.424496442,10,1.9188586551792188,28.925649353930282,3.880513516354757,252.59440790037834,42.964789266663246,437.99008143490494,2.31681709783388,4153.186988759699,-1.8419293895588584,True,False,-7.29061776509349,True,False,8.526523733102335,False,True,2.720387717349166,False,True
191,7.444847869,10,3.868300659812087,11.139997167947056,1.5413139264460287,624.81912212718,25.27158008600226,47.9431909084412,2.6140721000553437,2971.8822625205994,-1.8421642354684473,True,False,5.477549353737686,False,True,-6.400458374634908,True,False,2.720445093954114,False,True
192,7.466511371,10,7.575120740906838,8.994262256085257,5.113910003439742,1337.2702110439263,57.90666656792476,385.7602386506305,2.457415955984241,9356.634695123348,-1.8421646612235154,True,False,5.477549581886012,False,True,-6.400458538508555,True,False,2.7204457276031473,False,True
193,7.480043424,10,11.63554498473162,28.46201008872886,4.567485542643476,2052.786202648998,98.79764072160046,784.0246966348003,2.3463789670687576,16060.627798806674,-1.842164622397667,True,False,5.477549633287797,False,True,-6.400458460639783,True,False,2.7204418002645547,False,True
194,7.502309004,10,24.164568951651837,103.54975804447726,3.9898355682946427,4592.817319639594,246.44650256079117,2169.3271944538064,2.378433531240492,40996.217468747906,-1.8421646350281606,True,False,5.477549580786288,False,True,-6.400458519892752,True,False,2.720445104652365,False,True
195,7.519928822,10,28.782769010161182,129.74624982271047,2.816942994550543,5466.919969733643,298.2571910224879,2651.5804789122762,2.6405058105953603,49917.97377960073,-1.8421646298884906,True,False,5.47754958170828,False,True,-6.400458515311172,True,False,2.720445100387806,False,True
196,7.540177875,10,21.924432137175135,136.34361298713583,2.014147273790085,4726.5353371408955,256.4388296903519,2457.838905420043,2.7337032889666157,48481.34352003204,-1.8421646386716126,True,False,5.47754958011966,False,True,-6.400458522264743,True,False,2.7204451070254225,False,True
197,7.562227426,10,10.565529071051778,98.77642293090958,1.8323824177845354,2927.7568706115303,139.42560301288506,1573.9495270630239,2.805334746680764,36306.46579161411,-1.842164630584182,True,False,5.477549581544859,False,True,-6.400458515934685,True,False,2.720445099893589,False,True
198,7.58040776,10,10.594575032195435,98.35733040454501,1.7277765881132074,2927.798617738508,138.59252847219628,1572.9688462934512,4.163678102749788,36301.885420997205,-1.8421646305841812,True,False,5.477549581544862,False,True,-6.400458515934694,True,False,2.7204450998935896,False,True
199,7.600018263,10,7.525528227383178,81.49995703971129,1.6291331520134298,2254.4091231126877,93.92859591411727,1223.8309091960596,4.327494094279776,31646.04262480747,-1.842164531295958,True,False,5.477549599484811,False,True,-6.400458431347727,True,False,2.720445022155464,False,True
200,7.62001458,10,17.96536154192457,13.750348344141674,2.731838146235566,1411.400216257753,142.72009146716832,881.0905188398647,3.412504700284919,4416.970936708254,2.805075531420607,False,True,-7.290613072089952,True,False,8.52652865757564,False,True,-5.346110699644753,True,False
201,7.64175049,10,20.670737033956264,36.98313203450651,2.0571789219665426,2455.2285586624407,198.4291312638758,1542.9748674468044,1.825429521319058,7297.825360196634,2.8050760386223215,False,True,-7.29061303240409,True,False,8.526528571446104,False,True,-5.346110704499022,True,False
202,7.689182521,10,19.60655654365272,50.90585184852484,1.662281486208705,2835.223313533772,206.3795685213232,1801.0954416731654,1.1075215878915698,13031.519229562564,2.805076075475634,False,True,-7.290613008868834,True,False,8.52652859398048,False,True,-5.3461109615926965,True,False
203,7.719064376,10,19.642272315388123,51.14479538745141,1.5705989093034853,2835.4054639653787,206.43503924110968,1801.1523237495383,1.0784194561384077,13032.58799244366,2.805076075475635,False,True,-7.29061300886884,True,False,8.52652859398047,False,True,-5.346110961592691,True,False
204,7.732773741,10,18.660175801225357,59.32843031319593,1.4644648459480978,2995.2658871824565,203.63137188363436,1892.2027285600675,1.2313350650232555,15927.854081543082,2.8050757755122633,False,True,-7.2906131731369435,True,False,8.52652840151239,False,True,-5.346107589943912,True,False
205,7.746382156,10,16.254798555491565,78.45240921667232,1.7817057377930337,3325.664050347279,186.22569596683937,2029.7419966121713,1.738650972050883,22525.397344865305,2.8050760773997547,False,True,-7.290613006940754,True,False,8.526528595175591,False,True,-5.346110718201326,True,False
206,7.761502368,10,15.415575784947773,89.31982602539645,2.0056351574003917,3489.9456561116785,172.5301873233988,2077.0864347290913,4.560768328113996,26202.72046173221,2.805076069509007,False,True,-7.290613006643455,True,False,8.52652858827531,False,True,-5.346110710661433,True,False
207,7.779941254,10,15.210069134034548,101.9012046702929,3.287080700166731,3653.372535827629,156.37254182005566,2109.9148504071777,4.238500283648392,30058.83005731025,2.805076079244389,False,True,-7.290613006413078,True,False,8.526528587426665,False,True,-5.346110711076986,True,False
208,7.800085516,10,21.336915637856418,142.86810096438523,4.51131240645557,2133.552233517943,111.30265594696255,538.4514062534303,3.4186539726947784,45773.37798169136,2.805076258515612,False,True,-7.290612972698234,True,False,8.526528749115515,False,True,-5.346109824926986,True,False
209,7.820912615,10,16.149224693782045,113.92167429432767,4.096719147083686,887.21235155454,130.42844017288655,621.3676284615836,3.1570054736825544,33314.08760349749,2.805076058196372,False,True,-7.290613008767304,True,False,8.526528577217894,False,True,-5.346110697747486,True,False
210,7.840211353,10,14.594864634611886,97.67905836474208,3.9239940244354488,336.4920725193316,132.69550293764317,939.785432250541,2.848700113083551,25069.525003059432,2.805076079504534,False,True,-7.290613004795576,True,False,8.526528595760292,False,True,-5.346110657584331,True,False
211,7.86084668,10,24.17066183926147,69.0026666424622,4.417748991318718,2580.8845618028054,138.7332728357995,2187.1806579048166,1.8409994197007227,9004.168384446673,2.8050906568784213,False,True,5.477549579169294,False,True,-6.400458528680923,True,False,2.7204447239786593,False,True
212,7.89432927,10,24.195263762991797,68.92196585632574,4.470603046814584,2580.8990283849485,138.84793409289847,2187.4652637312174,1.6722454335729928,9009.870022404784,2.8051153918458485,False,True,5.477549579974068,False,True,-6.4004585139604595,True,False,2.7204447491909334,False,True
213,7.914640513,10,27.631087278516308,78.39410677673963,4.639711456645556,3240.3967300568584,141.3519401934245,2485.894621819632,2.209472179892292,17429.426371508816,-1.8421646828178748,True,False,5.477549548095221,False,True,-6.400458553186076,True,False,2.720445109118991,False,True
214,7.935426542,10,34.31407332713729,110.2172902842921,4.808770551929766,4436.766821583642,140.89788967524015,3011.6555107046756,2.291662937376502,36014.090476922815,-1.8421645899559855,True,False,5.477549613882547,False,True,-6.400458498817834,True,False,2.720445098405128,False,True
215,7.960637116,10,37.435158437521444,127.77317815427513,2.0595591552301755,4931.679151774363,137.0644987966588,3219.4863029682488,2.401327414048585,45348.714232768325,-1.8421646157340177,True,False,5.477549593155794,False,True,-6.400458510102347,True,False,2.7204451000553065,False,True
216,7.981239485,10,40.30254046221549,143.96323181500242,1.6401608772344047,5318.372054863027,129.7227125700537,3369.3392644086343,2.516538125356066,54189.42195657538,-1.8421646328562389,True,False,5.477549581438363,False,True,-6.400458518195492,True,False,2.720445105242467,False,True
217,8.000729946,10,43.23351792163523,165.0191240408061,1.2036766961904026,5265.939264905915,75.51731247196349,3159.235574535085,3.4988142616709283,69372.2556351363,-1.842164636242157,True,False,5.477549580508146,False,True,-6.400458521139345,True,False,2.7204451054676966,False,True
218,8.022297275,10,42.21390612346399,160.40596675452485,0.7876853340722458,4838.368919821107,49.64601952086054,2867.4884509632025,3.3689789235673113,69379.3118957595,-1.842164637584737,True,False,5.4775495792788504,False,True,-6.400458521460754,True,False,2.720445105492597,False,True
219,8.045093568,10,38.154879530196204,139.10583844136315,0.8855820004593112,3624.12337085505,17.182077305990195,2099.052917588278,3.4089342474645834,63300.25354558333,-1.842164632295588,True,False,5.477549584162359,False,True,-6.400458519679426,True,False,2.7204451056737273,False,True
220,8.061323819,10,30.02340564815811,91.07063790178397,1.9081474408755879,1500.6324006058499,90.05599849604468,819.9268273251429,2.9083066153550177,44122.26958677889,-1.8421661407510013,True,False,5.4775491483121845,False,True,-6.400459475113057,True,False,2.720413432460407,False,True
221,8.079970438,10,25.829761760468074,58.97138072326727,2.5823456899409347,578.2103414618811,132.0369063246748,417.5139531138493,2.5501570323962515,29224.60686983247,-1.842166066184324,True,False,5.477549701733596,False,True,-6.400457843163213,True,False,2.720486663864119,False,True
222,8.101038864,10,21.694982828491202,17.34603797636645,2.223708235294869,2220.0109556569096,212.31144414041762,1743.7393851088682,3.3407002957621823,8361.77095746187,2.8050839496784357,False,True,-7.2906130147266754,True,False,8.526528556539274,False,True,-5.346123795716998,True,False
223,8.128918148,10,26.49729871890855,41.59755873722606,3.2943608967449975,710.6394321892224,244.86224005594087,1379.8882690040687,0.9698116053963531,12404.650063982574,-1.8421646211592668,True,False,-7.2906129967402675,True,False,-6.400458468021418,True,False,2.7204450903409314,False,True
224,8.145001885,10,26.819301118639864,50.19669721250523,3.4345562836859544,482.53890592283557,243.86028343961027,1261.4396992305246,1.2011991937132716,15008.773311434923,-1.8421646158511285,True,False,-7.290613001658788,True,False,-6.400458502416134,True,False,2.72044508891912,False,True
225,8.16319728,10,26.35833633624302,55.8538730602985,3.512706126020782,457.64841007545255,237.13163281181593,1136.510522785332,1.5268012663501094,17015.23068897861,-1.8421613387587523,True,False,-7.290612537593972,True,False,-6.400457097550467,True,False,2.720443446045961,False,True
226,8.179935261,10,24.925978699429237,58.309659238964805,4.361033007005747,577.9336855050302,224.1781632695025,1010.735483011149,1.7208964770064767,18096.56485121446,-1.842164660917444,True,False,-7.290613025142905,True,False,-6.400458527516619,True,False,2.720445122966229,False,True
227,8.200377227,10,9.210995589297804,48.795877329853454,4.124994580125327,1911.282289371828,57.88301822596107,271.3032511719673,1.7823677975495544,11190.304691417883,-1.8421642331907084,True,False,5.477549658965306,False,True,-6.400458202841725,True,False,2.720444795455407,False,True
228,8.220058919,10,25.75336891577847,55.9524987503625,4.742897926902506,2429.6358353360392,163.11540056588774,790.9342171883179,1.5512431695506856,6506.09316028881,-1.8421646403358063,True,False,5.477549579833135,False,True,-6.40045852416907,True,False,2.720445107678823,False,True
229,8.240710093,10,34.48348706208728,62.34346591499483,3.3751910454625826,2674.7038977402717,224.68681349165405,1059.89162255876,1.532314968867629,4113.308196546795,-1.8421646272307786,True,False,5.477549582885637,False,True,-6.40045851047929,True,False,2.720445095635415,False,True
230,8.260024375,10,61.14870685347042,92.41733826209494,2.735813752874853,3589.675837794609,427.19246351840036,1997.8645666774364,1.2930444205854836,5130.793913841341,-1.842164632417046,True,False,5.477549581901709,False,True,-6.40045851773444,True,False,2.7204451034786628,False,True
231,8.280676032,10,65.21224654425744,102.37183666027103,2.461852501869289,3875.5269675809623,468.8172579634492,2262.7365950552817,1.4874309965098609,5686.548863219935,-1.8421647112343251,True,False,5.477549509205282,False,True,-6.400458546191449,True,False,2.720445088833955,False,True
232,8.301447495,10,62.60379299488777,106.47483816146033,2.2481974923766317,3949.3207927699,464.24857996064,2337.1160332300988,1.6321074775922948,5758.119656914806,-1.8421646184802296,True,False,5.477549592365152,False,True,-6.400458511233392,True,False,2.7204451012387945,False,True
233,8.32592474,10,54.76969908111258,103.87647013689819,2.0875837331189713,3741.9053179594407,420.31829944790223,2221.919929337926,1.9366248754844793,6669.2288566463,-1.8421646074271534,True,False,5.477549562087616,False,True,-6.40045846981921,True,False,2.720444189085906,False,True
234,8.349209501,10,43.538095237208296,93.54465163151725,2.066673662468584,3220.479466317441,347.76134084583816,1926.2883792141408,3.4387052891691003,7512.139784802258,-1.842164645025126,True,False,5.4775495533544,False,True,-6.40045849991336,True,False,2.7204460994492545,False,True
235,8.361894262,10,37.24482601522105,85.20860564907194,1.9895348877451706,2838.5174376776217,304.5599145632609,1719.2521349543404,1.6844854070454038,7326.579859006216,-1.842164620562611,True,False,5.477549590213218,False,True,-6.400458508689949,True,False,2.720445095464566,False,True
236,8.380419772,10,30.993663344819886,74.88998037892783,1.2028008369840624,2377.3071753481004,257.444197239728,1477.2639876051169,1.563390393554351,6566.436390980223,-1.8421646379627352,True,False,5.4775495849211735,False,True,-6.40045851102168,True,False,2.720445095316046,False,True
237,8.400325144,10,13.337719274642827,54.98165191936169,2.2678330874304766,2294.020106834667,114.35052885537607,808.2635220075862,2.6336734481244046,18170.820068308043,2.805076094657395,False,True,-7.290613004575234,True,False,8.52652859323052,False,True,-5.346110717835937,True,False
238,8.431247464,10,17.180434514629056,66.43373865036253,2.1796837974029084,2579.394052695908,141.6850625514463,929.8396383118559,3.0050613420384473,18604.744500026536,2.805076087274921,False,True,-7.290613003520774,True,False,8.526528603063479,False,True,-5.346110724404324,True,False
239,8.452345714,10,20.344713554283274,76.24038900549273,2.20211364371595,2826.9309026211868,165.0990053192467,1044.2086276870357,3.168729509433521,19117.865062237703,2.805076072558751,False,True,-7.2906130090086565,True,False,8.526528589761833,False,True,-5.346111505977899,True,False
240,8.470133635,10,22.726205451814682,79.19085247628448,2.093993881578975,3036.608921699485,185.0415944663901,1154.0952749377038,3.1390742723559706,19797.299932431488,2.805076077829711,False,True,-7.290613005237578,True,False,8.526528592358714,False,True,-5.3461107175586875,True,False
241,8.48631181,10,39.61367982484987,192.4746863225174,2.78275411825654,8672.526423766814,431.4067748414051,4286.780884335291,3.011821176565612,84651.55584459592,2.8050760779675485,False,True,-7.290613005199054,True,False,8.526528594436197,False,True,-5.3461107098566725,True,False
242,8.502698444,10,42.20060707258265,201.93950047127896,2.84420172857359,9093.530968144696,462.7207551264057,4576.635142616307,2.110437158654734,88343.46722825986,2.8050760924210003,False,True,-7.290613003134381,True,False,8.526528599954739,False,True,-5.346110723729718,True,False
243,8.519965563,10,713.337925089639,3307.452818449884,3.1632129358961043,137393.0682788543,7646.29038532218,69333.54077047185,1.551931713422181,1242501.3712543298,2.8050760796265686,False,True,-7.290613004897378,True,False,8.526528595918595,False,True,-5.346110716975907,True,False
244,8.5425831,10,288.2738435973357,1581.4339432504878,2.8919970539711737,50024.791147168304,3529.431179882909,32101.122959052165,1.3011760966267538,465703.76582508575,2.805076079203294,False,True,-7.2906130049672,True,False,8.52652859553456,False,True,-5.346110710645302,True,False
245,8.559931749,10,570.2213118718879,2680.871687374714,1.4900683857028854,110168.32743576831,6530.788349177897,62185.03281684215,3.230740827647963,870955.5181994287,-1.8421646337522493,True,False,5.477549580990198,False,True,-6.4004585187785725,True,False,2.7204451035522137,False,True
246,8.580901825,10,467.71363351604015,876.6261605298461,1.9678845472191089,16649.0242580507,1785.50780535351,7069.349847135438,3.64779830832844,325377.659640846,2.8050760609214453,False,True,5.477549576182585,False,True,-6.400458541323325,True,False,-5.346110004005102,True,False
247,8.601290841,10,741.4081899097231,3191.5838866697886,3.225369401146438,133214.9278364983,7460.613760105809,59766.8181964987,3.0515564033280698,993910.9733658659,2.8050760821097813,False,True,-7.290613004447065,True,False,8.526528598123269,False,True,-5.34611072033138,True,False
248,8.621152883,10,681.2553333191655,4601.592279439659,4.516974388816343,167659.09222479674,8246.859207974388,87242.20124453378,2.108492440763928,2026645.0899323155,2.8050760802497874,False,True,-7.290613004785076,True,False,8.526528596456227,False,True,-5.346110718733762,True,False
249,8.640015123,10,150.83969468902868,1583.9493064959843,4.811735556054374,38080.705607566786,2058.102785644746,25519.17891415118,1.6648215812190832,743773.1765615911,2.805076079552226,False,True,-7.290613004907768,True,False,8.526528595845381,False,True,-5.34611076046269,True,False
250,8.661707904,10,150.5180424158299,1586.7848807577734,1.8544103543492159,38058.70178270134,2058.310909208576,25519.800247213745,1.4739492996179224,743759.4857340294,2.805076079552226,False,True,-7.290613004907768,True,False,8.526528595845381,False,True,-5.34611076046269,True,False
251,8.681731867,10,822.5522271338011,4829.819746047966,2.1017487639540096,170170.14600514146,9164.84404787567,83102.07108793038,2.9195790626301577,1902095.5879391585,-1.8421646301494619,True,False,5.47754958161913,False,True,-6.400458515540603,True,False,2.720445100543207,False,True
252,8.701196052,10,178.4464256050925,1636.184749534646,2.4947367722729528,35912.32049243157,2334.637906035848,20563.25958540381,4.248093319673367,485132.9480700718,-1.8421646342798108,True,False,5.477549580793984,False,True,-6.400458519202399,True,False,2.720445105114892,False,True
253,8.720736077,10,446.5514026358325,1275.709030688017,2.1608000664482523,69612.02798858398,4232.7820373242685,34752.628218119695,3.9799800066915574,475160.16740126983,2.8050760797117666,False,True,-7.29061300488443,True,False,8.526528595999778,False,True,-5.346110718490043,True,False
254,8.740485272,10,895.9052699614431,4271.684327584186,3.105301781052912,159812.3979442262,9531.465887822422,81847.36530185585,2.873594585400913,1359344.7777871832,2.8050760792953273,False,True,-7.290613004957932,True,False,8.526528595618853,False,True,-5.346110717948887,True,False
255,8.760172447,10,535.9018254016972,4258.022128559075,2.7706466340506855,135235.80652520992,6702.012797393469,64951.947797891386,2.118204214994611,1522798.071129448,2.805076074172498,False,True,-7.290613005887917,True,False,8.52652859105805,False,True,-5.3461107165645405,True,False
256,8.781964342,10,363.79621473300136,1042.3641233920775,3.7911804378206004,60137.9315035093,3465.2815869674946,32949.621142824464,2.8184620943388405,196469.8647799344,-1.8421646346946943,True,False,5.477549597836456,False,True,-6.400458486397712,True,False,2.720445087599929,False,True
257,8.801290974,10,669.0188793192663,5748.841218749107,1.9887259381037121,206034.91578564094,7707.214070396276,98557.2084796612,3.6491833730833414,1746177.6797623385,-1.8421646388126747,True,False,5.477549622410178,False,True,-6.400458450794239,True,False,2.7204556171893035,False,True
258,8.819962671,10,362.3711902241213,3835.934725204538,2.4221939322020054,105740.54553259762,3895.8897833964365,53136.45507405687,3.818173001025764,2101418.9124068273,-1.8421646340112505,True,False,5.477549580964652,False,True,-6.400458519029958,True,False,2.720445078183775,False,True
259,8.841981576,10,445.5033463304813,2052.145015595182,2.622053911111624,91470.04680198872,2135.2756900302647,41123.69084819449,3.813941813847699,217631.05177983784,2.8050760934518935,False,True,-7.290612992984517,True,False,8.526528601300159,False,True,-5.346110726208897,True,False
260,8.860539726,10,587.3911506237639,4903.0065939740525,6.085531171369804,147560.37718092842,3315.4746073296405,68370.14679345598,2.514590523387902,2096399.7384769702,2.805076058639451,False,True,-7.290613008701845,True,False,8.526528577216567,False,True,-5.346110704142111,True,False
261,8.881427076,10,95.74910792900361,2735.9083354769477,4.700739813802816,40107.481406174295,1667.45667271122,14682.059327075198,1.9455715729652288,1166387.4042570137,2.805076078474965,False,True,-7.290613005106316,True,False,8.526528594894113,False,True,-5.346110717270225,True,False
262,8.899870806,10,362.90991700029195,1423.8247457912921,2.259454268169007,70276.93967522286,2176.7851927769902,37649.3267129515,2.6361130012483245,611036.6244552179,-1.8421646317691311,True,False,5.477549581267114,False,True,-6.40045851694481,True,False,2.7204451028241015,False,True
263,8.922125049,10,215.75842851560859,2619.3373830291966,1.8907676738821428,72283.24188050044,2725.4801118767673,30055.80483136095,3.1477717946084405,860585.1869773502,-1.842164635998323,True,False,5.477549580564814,False,True,-6.400458520763749,True,False,2.720445105901118,False,True
264,8.942095689,10,232.8209905885205,3590.0064754229875,2.1919410381272884,69459.92744281559,2622.1445904128404,22614.720712846956,4.316688734190756,871524.2376117593,-1.8421646336150348,True,False,5.477549580990648,False,True,-6.400458518643251,True,False,2.720445101988048,False,True
265,8.961470229,10,221.3837463580261,3799.3146714792874,3.1746518617158466,70822.57666993066,2361.996798002751,21139.896231815117,1.495752251425138,915236.0099500305,-1.8421646371567737,True,False,5.477549583252607,False,True,-6.400458514541185,True,False,2.7204440459478736,False,True
266,8.985271702,10,349.38713603789483,1326.5636064033954,1.2940072458809857,59820.83348548117,3344.5150627488993,37878.86810898379,4.3756396655251,54067.00441362064,2.8050760816058244,False,True,-7.290613001311561,True,False,8.526528595378378,False,True,-5.3461076370106895,True,False
267,9.000295796,10,544.5211263186432,6851.732851463971,4.264893390934751,207318.74674891098,7035.057322561641,92258.08351654404,2.150300880966644,1919304.0454693208,2.805076079510297,False,True,-7.290613004918883,True,False,8.526528595807903,False,True,-5.346110718130357,True,False
268,9.019933016,10,540.5575246550485,8153.829660991321,2.0968849196025574,236016.6917806178,7652.21608294221,98856.85296394753,0.6326666479587412,2662786.19721557,2.8050760785502176,False,True,-7.290613005178778,True,False,8.526528594834057,False,True,-5.346137068394619,True,False
269,9.0413312,10,957.8063895391446,4285.212818657676,2.1363359368324906,151436.39799110548,2775.3077921578306,78324.23024751538,4.3527314032761595,616458.9098414629,-1.842164633862846,True,False,5.477549580949534,False,True,-6.400458518860536,True,False,2.720445103620675,False,True
270,9.06123437,10,973.1981580649003,7850.300552650331,2.9055467899645664,203400.80573653118,3166.64964626804,87664.66690868458,2.088389640091825,3459681.6975586647,-1.8421646350202712,True,False,5.477549580741449,False,True,-6.400458519829443,True,False,2.72044510453851,False,True
271,9.080349892,10,584.2905858850729,1024.7712476289248,1.682383011876658,60996.867989502454,2575.924593867487,40223.434249543156,2.980541994501157,922621.7917962713,-1.842164630299264,True,False,5.4775495824545315,False,True,-6.400458514945397,True,False,2.7208474506741815,False,True
272,9.101381428,10,1282.069910210792,4192.6154248450675,3.0705282399978278,153365.9702984841,2740.295684496788,79157.30175143,2.902058137306628,725465.544280113,2.805076080292926,False,True,-7.290613007699021,True,False,8.526528600765552,False,True,-5.346027792578017,True,False
273,9.121228904,10,852.4670999136057,2886.0172978618975,4.07398902291932,10713.43468386795,5960.392677379324,27966.369165213117,1.7591108545497696,939544.8380131058,2.8050760811745934,False,True,-7.290613004615174,True,False,8.526528597722544,False,True,-5.346110717101145,True,False
274,9.141302612,10,943.9638243585656,2537.3261951439085,1.6044426403944319,70397.6218856828,1146.5214194535938,51702.07084311516,3.0909358811527334,672106.1057443355,-1.8421646079608736,True,False,5.4775495988231535,False,True,-6.400458502214932,True,False,2.720445103435982,False,True
275,9.162013804,10,541.4933054291696,1979.072136579185,1.152199465278068,34084.076973916795,1879.60733166925,9941.785333272153,4.338048460134528,366564.8213813761,-1.8421645256778632,True,False,5.477549600500403,False,True,-6.400458424232451,True,False,2.720445014671434,False,True
276,9.183684146,10,305.88714098647375,2943.751568491202,3.688410622461549,25169.10775457648,2120.1904724627225,10625.450489514333,3.511286344040401,216958.57112129134,-1.842164613026287,True,False,-7.290612975218997,True,False,-6.400458480277456,True,False,2.720445617964348,False,True
277,9.203650685,10,386.3479814477508,4803.105833635164,2.9342946685322726,42505.05685797396,1359.7633849996585,17401.824877501018,3.6732124140981544,280177.02372764086,-1.842164634159469,True,False,-7.290613004986549,True,False,-6.4004585193817585,True,False,2.720445103676926,False,True
278,9.224785735,10,733.8282993195586,2687.4518616844207,2.0376987977563665,44194.989500292606,2993.4035994301453,4244.110311625549,2.4909808089879637,887961.3890310347,-1.84216463355804,True,False,5.477549581004846,False,True,-6.4004585185850065,True,False,2.7204451033693746,False,True
279,9.24315252,10,547.9904596753443,10180.296923617832,3.5933346714046586,263387.14555064886,5334.59257810144,103679.15088607308,1.1175306567460481,2354832.6795147,2.8050760808210202,False,True,-7.29061300468263,True,False,8.526528596940752,False,True,-5.346110719184485,True,False
280,9.26458477,10,799.4678230309366,10761.337178955404,1.4910015469363325,283106.6076644244,10089.756478942143,101531.0181859171,4.362423985045033,4081980.6506576175,2.8050760802421575,False,True,-7.290613004787929,True,False,8.526528596466642,False,True,-5.346110719096871,True,False
281,9.284793392,10,1646.3612892481021,3355.184081306829,2.500287821574989,95661.32551022778,4439.163566567812,58680.599117856626,3.8512987805086074,662253.0257325156,-1.842164738466368,True,False,-7.29061303105361,True,False,8.526528493104205,False,True,2.7204451695077956,False,True
282,9.301765655,10,1616.305205441175,12519.014722912103,3.6735547674626052,296101.42995742155,4350.726697996201,112260.12327666314,0.7103383155118109,5110269.840992894,-1.842164634118617,True,False,5.477549580904304,False,True,-6.400458519048399,True,False,2.7204451038081396,False,True
283,9.321390635,10,874.761165307787,6140.726836022135,3.2316196589020127,83095.35557062586,5486.237900640543,33938.92265658778,1.636191705494811,3598146.08021983,-1.842164634930434,True,False,5.477549580755976,False,True,-6.4004585198132675,True,False,2.7204451045063025,False,True
284,9.340387625,10,3127.329344390113,9965.005115566786,4.526235151222386,195378.49758216864,11829.474590900209,72475.04904912104,1.7765187481984765,3571787.0382987494,2.8050760657269236,False,True,-7.290612993308666,True,False,8.52652858318188,False,True,-5.346099160183044,True,False
285,9.361240284,10,1626.0717903002999,4983.023634763092,4.585071873627422,193504.51569665724,7765.98210001545,147071.030635064,3.336307010958825,1617895.0980460977,-1.8421646340829836,True,False,5.477549580885403,False,True,-6.400458519045265,True,False,2.720445103769941,False,True
286,9.380376824,10,2660.319985858151,5752.050087363752,1.3773343532473896,101718.09919128891,7587.689776302628,64685.15071291536,3.7197164361972215,2153486.7974717123,-1.8421646338224684,True,False,5.477549580946566,False,True,-6.400458518817739,True,False,2.72044497359811,False,True
287,9.399927861,10,1835.5280411421768,4503.982264164014,3.090419481098223,50687.15081587533,8306.19766102687,20894.734461629538,4.591579203781765,1469118.1796308868,-1.8421646364898414,True,False,5.477549580418161,False,True,-6.400458521756099,True,False,2.720445105543472,False,True
288,9.419910255,10,2289.2505295629285,7420.617905932043,1.3871420327898407,60000.9606126012,5599.336308106582,49601.53131145972,4.090466701244554,1300765.9692362805,-1.8421646304023345,True,False,-7.290613004412658,True,False,8.5265285986623,False,True,2.720445094862567,False,True
289,9.44269142,10,2289.0105261018857,7421.117450918108,3.993081491011269,60054.59728641314,5599.4848501836395,49601.168287144785,1.273135087242466,1300764.3481526198,-1.8421646303557095,True,False,-7.290613004401959,True,False,8.526528598710938,False,True,2.720445094835725,False,True
290,9.465269451,10,504.88003084544465,11524.651080066533,2.800538119738796,198305.70658395663,3076.6921634684627,42603.78028106888,4.191342131056059,1794724.8538591373,2.805076037315799,False,True,-7.2906130124973485,True,False,8.526528560201658,False,True,-5.346110684510137,True,False
291,9.486291343,10,504.99281411596894,11524.489727677043,1.6069414109763223,198325.63449762887,3076.7004859477433,42603.6784000795,2.77649554835924,1794733.2590833898,2.8050760373156285,False,True,-7.290613012498035,True,False,8.526528560204923,False,True,-5.3461106845101805,True,False
292,9.505058917,10,3128.0854600912885,6055.818798290957,2.756772214348906,186449.39007404435,20610.941319386002,79035.09399441564,1.5206862115840816,3798126.5627678894,2.8050760794380523,False,True,-7.290613004935251,True,False,8.526528595746562,False,True,-5.346110721456863,True,False
293,9.522016294,10,3604.5304037637866,4633.883651796829,2.3671947185710303,17942.347454495975,20382.011488539185,20112.50747880739,2.5769218555646525,2287734.5110902954,2.805076080611088,False,True,-7.290613004720364,True,False,8.526528596761045,False,True,-5.346110719031283,True,False
294,9.550681212,10,3075.273510159601,14645.654513233816,2.9799803959334117,272155.8028169832,13128.55124026499,72895.08320468714,4.078164460803436,1832264.5012928147,-1.8421646335196522,True,False,5.4775495817800985,False,True,-6.40045851937852,True,False,2.720445103508081,False,True
295,9.584775739,10,1691.8924458199997,20190.388643877992,2.888940124278407,426042.4656881,6612.290920069739,126182.83163446818,2.6349772501685313,5218699.075531677,-1.8421646354129588,True,False,5.47754956284761,False,True,-6.400458503720666,True,False,2.720442292406525,False,True
296,9.640287656,10,2286.5336360616207,3567.261095225782,3.361040949780835,141709.2256951724,7156.132773505567,124246.85576202776,3.73315474573829,2597420.692841727,-1.8421646404329042,True,False,5.477549622777892,False,True,-6.4004584766138155,True,False,2.720436460042239,False,True
297,9.748054264,10,5129.085250345418,23572.613791350675,0.5554623750534717,758221.5582235712,10457.58613942527,408210.02961884637,3.6061866570150647,9272717.636836592,-1.8421646333074904,True,False,5.477549581051142,False,True,-6.400458518365304,True,False,2.720445108333028,False,True
298,9.767318674,9,4084.832403984808,6353.635776551631,4.933157840992889,169749.69267350237,19313.41242072825,50730.87894254756,3.6930550720600244,869038.2679899404,2.8050760710532763,False,True,5.4775495902330595,False,True,8.52678867987723,False,True,-5.346110716881445,True,False
299,9.779985112,8,3829.5173576915768,13847.40252079285,5.398737557874114,163994.63419985893,17386.729321213363,15520.917409606258,1.8076725702954295,1136710.6530564306,2.8050760395808534,False,True,5.4775495737746995,False,True,8.52652856197366,False,True,-5.346110686215223,True,False
300,9.800098905,7,6587.054223459773,28442.13601769724,3.9914399566453858,368905.0438543081,23730.85868443144,190562.4315857686,3.781516515238951,11023586.161513496,-1.8421646337587643,True,False,5.477549580968284,False,True,-6.400458518767084,True,False,2.7204451035341704,False,True
301,9.820196315,6,12851.544510027772,72717.13891439227,4.744065714574229,2336642.9174018907,14922.368668109842,503932.77023721,0.5653228253075797,15339367.458690662,2.8050760795308656,False,True,-7.290613004915104,True,False,8.526528595829049,False,True,-5.346110718143029,True,False
302,9.840064873,5,11131.014124247193,48772.52917555576,5.030475340483262,1921727.0154091245,20947.133548024147,392826.93111448025,3.647681211809537,10375951.200872432,-1.8421646337013642,True,False,5.477549581004024,False,True,-6.400458518735252,True,False,2.720445104623504,False,True
303,9.860566929,4,9041.19331100385,2684.5337863909435,2.964169518277931,876254.846217804,29628.208179064513,125691.64448201792,2.9209903215191177,1868556.3291075318,2.805076079104863,False,True,-7.290613004593608,True,False,8.526528594523494,False,True,-5.346110718444093,True,False
304,9.903576225,3,9041.121152651222,2684.5171832744263,3.4082488912976987,876231.7276345826,23375.57665548515,62796.479912043884,2.7517273297294813,1809117.7304004298,2.8050760791048677,False,True,-7.290613004593656,True,False,8.526528594523624,False,True,-5.346110718444155,True,False
305,9.919953013,2,9625.451385618951,28624.196009034957,1.670757047146715,877140.9003443742,16534.884764046867,54397.37515290903,1.3265270143233436,1804537.1347041638,2.8050760794805654,False,True,-7.290613004924195,True,False,8.526528595784448,False,True,-5.346110712815027,True,False
306,9.951515867,1,7281.560407917743,18488.517931562143,1.5102242939127046,200495.22589073493,7281.560407917743,18488.517931562143,1.5102242939127046,200495.22589073493,2.805076078258175,False,True,-7.290613007004509,True,False,8.526528596848127,False,True,-5.346096294344088,True,False
